Country,Jan 10,Feb 10,Mar 10,Apr 10,May 10,Jun 10,Jul 10,Aug 10,Sep 10,Oct 10,Nov 10,Dec 10,Jan 11,Feb 11,Mar 11,Apr 11,May 11,Jun 11,Jul 11,Aug 11,Sep 11,Oct 11,Nov 11,Dec 11,Jan 12,Feb 12,Mar 12,Apr 12,May 12,Jun 12,Jul 12,Aug 12,Sep 12,Oct 12,Nov 12,Dec 12,Jan 13,Feb 13,Mar 13,Apr 13,May 13,Jun 13,Jul 13,Aug 13,Sep 13,Oct 13,Nov 13,Dec 13,Jan 14,Feb 14,Mar 14,Apr 14,May 14,Jun 14,Jul 14,Aug 14,Sep 14,Oct 14,Nov 14,Dec 14,Jan 15,Feb 15,Mar 15,Apr 15,May 15,Jun 15,Jul 15,Aug 15,Sep 15,Oct 15,Nov 15,Dec 15,Jan 16,Feb 16,Mar 16,Apr 16,May 16,Jun 16,Jul 16,Aug 16,Sep 16,Oct 16,Nov 16,Dec 16,Jan 17,Feb 17,Mar 17,Apr 17,May 17,Jun 17,Jul 17,Aug 17,Sep 17,Oct 17,Nov 17,Dec 17,Jan 18,Feb 18,Mar 18,Apr 18,May 18,Jun 18,Jul 18,Aug 18,Sep 18,Oct 18,Nov 18,Dec 18,Jan 19,Feb 19,Mar 19,Apr 19,May 19,Jun 19,Jul 19,Aug 19,Sep 19,Oct 19,Nov 19,Dec 19,Jan 20,Feb 20,Mar 20,Apr 20,May 20,Jun 20,Jul 20,Aug 20,Sep 20,Oct 20,Nov 20,Dec 20,Jan 21,Feb 21,Mar 21,Apr 21,May 21,Jun 21,Jul 21,Aug 21,Sep 21,Oct 21,Nov 21,Dec 21,Jan 22,Feb 22,Mar 22,Apr 22,May 22,Jun 22,Jul 22,Aug 22,Sep 22,Oct 22,Nov 22,Dec 22,Jan 23,Feb 23,Mar 23,Apr 23,May 23,Jun 23,Jul 23,Aug 23,Sep 23,Oct 23,Nov 23,Dec 23,Jan 24,Feb 24,Mar 24,May 24,Apr 24,Jun 24,Jul 24,Aug 24,Sep 24,Oct 24,Nov 24,Dec 24,Jan 25,Jan 24,Jan 25
Belgium,1387.49,1387.49,1387.49,1387.49,1387.49,1387.49,1387.49,1387.49,1415.24,1415.24,1415.24,1415.24,1415.24,1415.24,1415.24,1415.24,1443.54,1443.54,1443.54,1443.54,1443.54,1443.54,1443.54,1443.54,1443.54,1472.4,1472.4,1472.4,1472.4,1472.4,1472.4,1472.4,1472.4,1472.4,1472.4,1501.82,1501.82,1501.82,1501.82,1501.82,1501.82,1501.82,1501.82,1501.82,1501.82,1501.82,1501.82,1501.82,1501.82,1501.82,1501.82,1501.82,1501.82,1501.82,1501.82,1501.82,1501.82,1501.82,1501.82,1501.82,1501.82,1501.82,1501.82,1501.82,1501.82,1501.82,1501.82,1501.82,1501.82,1501.82,1501.82,1501.82,1501.82,1501.82,1501.82,1501.82,1501.82,1531.93,1531.93,1531.93,1531.93,1531.93,1531.93,1531.93,1531.93,1531.93,1531.93,1531.93,1531.93,1562.59,1562.59,1562.59,1562.59,1562.59,1562.59,1562.59,1562.59,1562.59,1562.59,1562.59,1562.59,1562.59,1562.59,1562.59,1593.81,1593.81,1593.81,1593.81,1593.81,1593.81,1593.81,1593.81,1593.81,1593.81,1593.81,1593.81,1593.81,1593.81,1593.81,1593.81,1625.72,1593.81,1625.72,1625.72,1625.72,1625.72,1625.72,1625.72,1625.72,1625.72,1625.72,1625.72,1625.72,1625.72,1625.72,1625.72,1625.72,1625.72,1625.72,1625.72,1658.23,1658.23,1658.23,1658.23,1691.4,1691.4,1725.21,1806.16,1842.28,1842.28,1842.28,1879.13,1879.13,1879.13,1916.7,1954.99,1954.99,1954.99,1954.99,1954.99,1954.99,1954.99,1954.99,1954.99,1954.99,1954.99,1994.18,1994.18,1994.18,1954.99,1994.18,2070.48,2029.88,2070.48,2070.48,2070.48,2070.48,2070.48,2070.48,2070.48,2070.48,1994,2070
Bulgaria,122.7119337,122.7119337,122.7119337,122.7119337,122.7119337,122.7119337,122.7119337,122.7119337,122.7119337,122.7119337,122.7119337,122.7119337,122.7119337,122.7119337,122.7119337,122.7119337,122.7119337,122.7119337,122.7119337,122.7119337,138.0509255,138.0509255,138.0509255,138.0509255,138.0509255,138.0509255,138.0509255,138.0509255,148.2769199,148.2769199,148.2769199,148.2769199,148.2769199,148.2769199,148.2769199,148.2769199,158.5029144,158.5029144,158.5029144,158.5029144,158.5029144,158.5029144,158.5029144,158.5029144,158.5029144,158.5029144,158.5029144,158.5029144,173.8419061,173.8419061,173.8419061,173.8419061,173.8419061,173.8419061,173.8419061,173.8419061,173.8419061,173.8419061,173.8419061,173.8419061,184.0679006,184.0679006,184.0679006,184.0679006,184.0679006,184.0679006,194.2938951,194.2938951,194.2938951,194.2938951,194.2938951,194.2938951,214.745884,214.745884,214.745884,214.745884,214.745884,214.745884,214.745884,214.745884,214.745884,214.745884,214.745884,214.745884,235.197873,235.197873,235.197873,235.197873,235.197873,235.197873,235.197873,235.197873,235.197873,235.197873,235.197873,235.197873,260.7628592,260.7628592,260.7628592,260.7628592,260.7628592,260.7628592,260.7628592,260.7628592,260.7628592,260.7628592,260.7628592,260.7628592,286.3278454,286.3278454,286.3278454,286.3278454,286.3278454,286.3278454,286.3278454,286.3278454,286.3278454,286.3278454,286.3278454,286.3278454,332.34,311.8928316,311.8928316,311.8928316,311.8928316,311.8928316,311.8928316,311.8928316,311.8928316,311.8928316,311.8928316,311.8928316,332.3448205,332.3448205,332.3448205,332.3448205,332.3448205,332.3448205,332.3448205,332.3448205,332.3448205,332.3448205,332.3448205,332.3448205,332.3448205,332.3448205,332.3448205,363.022804,363.022804,363.022804,363.022804,363.022804,363.022804,363.022804,363.022804,363.022804,398.8137846,398.8137846,398.8137846,398.8137846,398.8137846,398.8137846,398.8137846,398.8137846,398.8137846,398.8137846,398.8137846,398.8137846,477.0426424,477.0426424,477.0426424,477.0426424,477.0426424,477.0426424,477.0426424,477.0426424,477.0426424,477.0426424,477.0426424,477.0426424,550.6698026,477,551
Cyprus,,,,,,,,,,,,,,,,,,,,,,,,,,,,,,,,,,,,,,,,,,,,,,,,,,,,,,,,,,,,,,,,,,,,,,,,,,,,,,,,,,,,,,,,,,,,,,,,,,,,,,,,,,,,,,,,,,,,,,,,,,,,,,,,,,,,,,,,,,,,,,,,,,,,,,,,,,,,,940,940,940,940,940,940,940,940,940,940,940,940,1000,1000,1000,1000,1000,1000,1000,1000,1000,1000,1000,1000,1000,1000,1000
Czechia,302.1946889,305.0756969,308.0477474,314.4654088,313.3936616,313.6639875,311.3930949,322.8800904,321.9315895,325.203252,325.2296935,321.0917118,319.2211005,330.2646245,328.501622,325.9585218,330.2646245,325.905406,328.6095708,330.742517,331.8125259,323.1800921,322.5676384,315.9432882,310.2338388,317.6115611,322.0223,323.4937323,321.7115052,311.3688553,312.0124805,316.7689566,322.0611916,318.205322,319.1828918,316.6811812,318.078804,312.2682384,312.0489917,310.8003108,310.0895384,311.1508693,308.2970442,328.731098,330.289489,330.3536728,330.3665125,310.3209083,309.9135888,309.0909091,310.8543008,309.7441877,309.6088002,309.4172036,309.620078,308.3061299,306.5825068,309.0909091,306.085704,307.3918704,331.7108347,330.9709681,335.3014068,334.1444812,335.399198,335.7541696,337.5775144,340.3499686,340.4759261,338.397028,339.6087117,340.3625601,366.3545868,366.3139199,365.8942233,365.9753798,366.1513426,366.3681445,364.8962441,366.2461618,366.3139199,366.3817031,366.3410302,365.8536585,407.0907812,407.0907812,407.0907812,406.9552349,408.5877721,416.3197336,419.8954079,421.7953142,421.4397916,423.3863208,428.5324711,431.5248519,477.7756021,482.747705,479.974821,479.8426745,477.6446637,472.9232081,468.8700999,476.5997344,474.0625607,474.1362559,470.6426973,470.0080903,518.9706111,518.2453416,521.4640053,517.4017518,520.28528,517.1211652,524.619798,520.3055577,515.1655476,517.1211652,523.3447019,523.2216343,579.22,579.1352638,575.0295392,534.5635618,538.8050338,542.327551,545.9985041,557.7841452,557.0818071,536.1142731,535.7601556,557.4221136,579.2241445,584.1660261,580.263409,581.4175879,587.2580458,597.1556533,596.3590709,596.0550567,595.5412765,596.1953324,591.5087364,595.4712842,651.7016655,664.6971935,648.0777693,664.6153846,658.4027637,655.4989075,654.836493,658.2689963,659.8778004,659.9046804,661.5485136,665.6257704,717.366064,727.1351715,736.2642039,736.4209092,736.1075653,728.6971905,728.6664982,723.8493724,718.6773014,710.7933769,704.4547602,712.1686152,764.4394111,759.3105942,745.1799866,751.7899761,746.8879668,764.9034765,755.2447552,742.4284087,755.063721,750.476493,746.2391914,748.3370288,825.8884257,764,826
Germany,,,,,,,,,,,,,,,,,,,,,,,,,,,,,,,,,,,,,,,,,,,,,,,,,,,,,,,,,,,,,1407.12825,1407.12825,1407.12825,1407.12825,1407.12825,1407.12825,1407.12825,1407.12825,1407.12825,1407.12825,1407.12825,1407.12825,1407.12825,1407.12825,1407.12825,1407.12825,1407.12825,1407.12825,1407.12825,1407.12825,1407.12825,1407.12825,1407.12825,1407.12825,1463.41338,1463.41338,1463.41338,1463.41338,1463.41338,1463.41338,1463.41338,1463.41338,1463.41338,1463.41338,1463.41338,1463.41338,1463.41338,1463.41338,1463.41338,1463.41338,1463.41338,1463.41338,1463.41338,1463.41338,1463.41338,1463.41338,1463.41338,1463.41338,1521.353955,1521.353955,1521.353955,1521.353955,1521.353955,1521.353955,1521.353955,1521.353955,1521.353955,1521.353955,1521.353955,1521.353955,1547.841075,1547.841075,1547.841075,1547.841075,1547.841075,1547.841075,1547.841075,1547.841075,1547.841075,1547.841075,1547.841075,1547.841075,1572.67275,1572.67275,1572.67275,1572.67275,1572.67275,1572.67275,1589.2272,1589.2272,1589.2272,1589.2272,1589.2272,1589.2272,1625.64699,1625.64699,1625.64699,1625.64699,1625.64699,1625.64699,1729.940025,1729.940025,1729.940025,1986.534,1986.534,1986.534,1986.534,1986.534,1986.534,1986.534,1986.534,1986.534,1986.534,1986.534,1986.534,1986.534,1986.534,1986.534,2054.407245,2054.407245,2054.407245,2054.407245,2054.407245,2054.407245,2054.407245,2054.407245,2054.407245,2054.407245,2054.407245,2054.407245,2122.28049,2054,2122
Estonia,278,278,278,278,278,278,278,278,278,278,278,278,278,278,278,278,278,278,278,278,278,278,278,278,290,290,290,290,290,290,290,290,290,290,290,290,320,320,320,320,320,320,320,320,320,320,320,320,355,355,355,355,355,355,355,355,355,355,355,355,390,390,390,390,390,390,390,390,390,390,390,390,430,430,430,430,430,430,430,430,430,430,430,430,470,470,470,470,470,470,470,470,470,470,470,470,500,500,500,500,500,500,500,500,500,500,500,500,540,540,540,540,540,540,540,540,540,540,540,540,584,584,584,584,584,584,584,584,584,584,584,584,584,584,584,584,584,584,584,584,584,584,584,584,654,654,654,654,654,654,654,654,654,654,654,654,725,725,725,725,725,725,725,725,725,725,725,725,820,820,820,820,820,820,820,820,820,820,820,820,886,820,886
Spain,738.85,738.85,738.85,738.85,738.85,738.85,738.85,738.85,738.85,738.85,738.85,738.85,748.3,748.3,748.3,748.3,748.3,748.3,748.3,748.3,748.3,748.3,748.3,748.3,748.3,748.3,748.3,748.3,748.3,748.3,748.3,748.3,748.3,748.3,748.3,748.3,752.85,752.85,752.85,752.85,752.85,752.85,752.85,752.85,752.85,752.85,752.85,752.85,752.85,752.85,752.85,752.85,752.85,752.85,752.85,752.85,752.85,752.85,752.85,752.85,756.7,756.7,756.7,756.7,756.7,756.7,756.7,756.7,756.7,756.7,756.7,756.7,764.4,764.4,764.4,764.4,764.4,764.4,764.4,764.4,764.4,764.4,764.4,764.4,825.5333333,825.5333333,825.5333333,825.5333333,825.5333333,825.5333333,825.5333333,825.5333333,825.5333333,825.5333333,825.5333333,825.5333333,858.55,858.55,858.55,858.55,858.55,858.55,858.55,858.55,858.55,858.55,858.55,858.55,1050,1050,1050,1050,1050,1050,1050,1050,1050,1050,1050,1050,1108.333333,1108.333333,1108.333333,1108.333333,1108.333333,1108.333333,1108.333333,1108.333333,1108.333333,1108.333333,1108.333333,1108.333333,1108.333333,1108.333333,1108.333333,1108.333333,1108.333333,1108.333333,1108.333333,1108.333333,1125.833333,1125.833333,1125.833333,1125.833333,1166.666667,1166.666667,1166.666667,1166.666667,1166.666667,1166.666667,1166.666667,1166.666667,1166.666667,1166.666667,1166.666667,1166.666667,1260,1260,1260,1260,1260,1260,1260,1260,1260,1260,1260,1260,1323,1323,1323,1323,1323,1323,1323,1323,1323,1323,1323,1323,,1323,1381
France,1343.77,1343.77,1343.77,1343.77,1343.77,1343.77,1343.77,1343.77,1343.77,1343.77,1343.77,1343.77,1365,1365,1365,1365,1365,1365,1365,1365,1365,1365,1365,1365,1398.37,1398.37,1398.37,1398.37,1398.37,1398.37,1425.67,1425.67,1425.67,1425.67,1425.67,1425.67,1430.22,1430.22,1430.22,1430.22,1430.22,1430.22,1430.22,1430.22,1430.22,1430.22,1430.22,1430.22,1445.38,1445.38,1445.38,1445.38,1445.38,1445.38,1445.38,1445.38,1445.38,1445.38,1445.38,1445.38,1457.52,1457.52,1457.52,1457.52,1457.52,1457.52,1457.52,1457.52,1457.52,1457.52,1457.52,1457.52,1466.62,1466.62,1466.62,1466.62,1466.62,1466.62,1466.62,1466.62,1466.62,1466.62,1466.62,1466.62,1480.27,1480.27,1480.27,1480.27,1480.27,1480.27,1480.27,1480.27,1480.27,1480.27,1480.27,1480.27,1498.47,1498.47,1498.47,1498.47,1498.47,1498.47,1498.47,1498.47,1498.47,1498.47,1498.47,1498.47,1521.22,1521.22,1521.22,1521.22,1521.22,1521.22,1521.22,1521.22,1521.22,1521.22,1521.22,1521.22,1539.42,1539.42,1539.42,1539.42,1539.42,1539.42,1539.42,1539.42,1539.42,1539.42,1539.42,1539.42,1554.58,1554.58,1554.58,1554.58,1554.58,1554.58,1554.58,1554.58,1554.58,1589.47,1589.48,1589.49,1603.12,1603.12,1603.12,1603.12,1645.58,1645.58,1645.58,1678.95,1678.95,1678.95,1678.95,1678.95,1709.28,1709.28,1709.28,1709.28,1747.2,1747.2,1747.2,1747.2,1747.2,1747.2,1747.2,1747.2,1766.92,1766.92,1766.92,1766.92,1766.92,1766.92,1766.92,1766.92,1766.92,1766.92,1801.8,1801.8,1801.8,1767,1802
Greece,862.82,862.82,862.82,862.82,862.82,862.82,876.6216667,876.6216667,876.6216667,876.6216667,876.6216667,876.6216667,876.6216667,876.6216667,876.6216667,876.6216667,876.6216667,876.6216667,876.6216667,876.6216667,876.6216667,876.6216667,876.6216667,876.6216667,876.6216667,876.6216667,683.76,683.76,683.76,683.76,683.76,683.76,683.76,683.76,683.76,683.76,683.76,683.76,683.76,683.76,683.76,683.76,683.76,683.76,683.76,683.76,683.76,683.76,683.76,683.76,683.76,683.76,683.76,683.76,683.76,683.76,683.76,683.76,683.76,683.76,683.76,683.76,683.76,683.76,683.76,683.76,683.76,683.76,683.76,683.76,683.76,683.76,683.76,683.76,683.76,683.76,683.76,683.76,683.76,683.76,683.76,683.76,683.76,683.76,683.76,683.76,683.76,683.76,683.76,683.76,683.76,683.76,683.76,683.76,683.76,683.76,683.76,683.76,683.76,683.76,683.76,683.76,683.76,683.76,683.76,683.76,683.76,683.76,683.76,758.3333333,758.3333333,758.3333333,758.3333333,758.3333333,758.3333333,758.3333333,758.3333333,758.3333333,758.3333333,758.3333333,758.3333333,758.3333333,758.3333333,758.3333333,758.3333333,758.3333333,758.3333333,758.3333333,758.3333333,758.3333333,758.3333333,758.3333333,758.3333333,758.3333333,758.3333333,758.3333333,758.3333333,758.3333333,758.3333333,758.3333333,758.3333333,758.3333333,758.3333333,758.3333333,773.5,773.5,773.5,773.5,831.8333333,831.8333333,831.8333333,831.8333333,831.8333333,831.8333333,831.8333333,831.8333333,831.8333333,831.8333333,831.8333333,910,910,910,910,910,910,910,910,910,910,910,910,968.3333333,968.3333333,968.3333333,968.3333333,968.3333333,968.3333333,968.3333333,968.3333333,968.3333333,968.3333333,910,968
Croatia,385.4794521,384.6889952,386.772225,387.4005342,387.9773887,387.4165347,390.9419283,388.8835146,386.9370918,385.1734239,383.0134749,378.9388635,381.1458757,379.3935635,378.8419338,381.4145138,382.2590505,377.9210314,380.1777946,378.3529412,375.9619496,375.225015,375.3501401,375.074975,373.3581,371.3380839,371.5341959,374.5757072,375.04998,371.8533201,374.3116337,374.3265713,376.5556002,377.8804319,373.8541251,373.2838098,394.9427721,393.0445088,393.4849384,393.0445088,393.2257427,395.3350993,400.6685012,397.6260574,394.3791869,391.945163,391.6520142,390.6524442,395.6742936,394.3814938,394.4949211,394.5877738,396.6468624,397.7867124,398.311774,395.1820325,395.9598478,394.8459274,393.7382568,392.9947255,395.6059023,393.5758363,394.0365481,396.2786135,400.1254705,400.0990491,398.8979302,399.0450474,401.105521,396.3045327,399.3606644,396.9016114,408.4838963,407.310705,409.1105779,414.5903927,415.3907602,416.5832165,414.4472045,416.6944908,417.1959618,414.7833023,415.4847988,413.9138741,433.3505298,438.0264741,440.5298191,439.938226,438.9067524,441.8965401,442.0873649,442.0456079,441.8190646,437.0913943,435.4935194,433.6201191,462.0967742,462.5630676,461.4455406,462.575515,463.9676113,465.4122106,465.4752234,464.4690624,462.2210272,462.4324106,462.5630676,464.2495443,505.9021922,505.1321426,504.8805116,504.4526353,505.8680696,505.4930242,506.941722,507.9717703,506.5993002,506.0045878,502.8225104,504.133898,546.0729888,545.7428802,543.8797778,532.7532621,536.0219026,535.4567023,536.6024727,543.0074183,539.6532944,537.6179448,536.3191107,537.8101088,562.7722825,561.7383489,560.4641962,561.3896044,563.1749818,566.1986091,567.3247634,566.6440009,567.423231,567.5065764,564.6339843,564.2966209,623.7026984,622.567835,619.5889234,618.8935833,619.490663,621.6019096,622.4520961,623.5035914,623.7690957,623.0063796,622.4273005,620.9431713,700,700,700,700,700,700,700,700,700,700,700,700,840,840,840,840,840,840,840,840,840,840,840,840,970,840,970
Hungary,271.7994231,271.0676747,272.3230826,276.5757291,275.4666067,266.7586107,256.993007,257.3349205,255.4922136,266.5457842,270.4592287,258.6388908,280.6260119,284.8274603,288.1205674,293.5420744,294.8960302,292.2990444,293.111871,288.9209912,286.7647059,266.6210904,256.9593148,253.5513441,295.6322716,316.4233949,322.1225451,315.3397532,324.3243243,308.3043262,323.1747576,333.4050333,327.8688525,326.4417845,327.4071466,330.925524,335.2719808,335.3063948,331.3049358,321.9236581,326.5360522,330.9580899,332.3723927,327.0263957,325.8195359,328.6936106,332.3273085,325.4732647,341.7048209,324.0120028,326.9447576,330.4251579,329.9418132,335.1936858,328.1603621,324.3225971,322.201765,326.8184306,329.2675015,330.8236368,332.7628827,336.5061052,346.5003465,350.6662659,346.7520888,339.9158304,333.4074239,340.5773597,333.6510963,334.9816558,338.8189739,336.9921048,351.2880562,355.7350255,356.6150485,353.3681396,355.5071582,353.3793894,350.0914653,355.5527083,357.6722305,358.3072404,359.8755025,356.3288498,411.5159926,410.4429565,413.6253041,414.472401,408.1567322,415.0390625,412.6614234,418.5542643,415.810586,410.4033219,409.1259145,407.6477923,444.6879129,444.2298407,439.5884433,442.1234742,440.1211928,432.7511054,418.4734815,430.6712855,422.9885057,425.4400839,424.4847739,426.4260552,464.2033772,471.6981132,471.5786808,464.1021648,461.3431588,459.3944626,460.7439933,456.3832394,450.0558794,445.0019413,453.3008823,446.3483314,487.0964814,477.6739356,476.9381165,447.1973779,456.4527104,461.6752215,451.5115823,466.7343093,454.1095504,440.4563237,438.154851,447.7321394,442.4413971,467.0889255,463.1602247,460.8142704,465.1809037,481.574178,476.0009099,468.6450168,479.9311927,464.7547128,465,457.7772916,541.7264823,559.9260898,540.949908,540.8767612,528.1085791,504.7955578,503.7275841,494.0711462,496.5243297,473.7315837,488.2216526,489.7159647,578.7412378,593.4869919,614.2766363,611.3306983,620.685965,625.5898611,623.7732907,599.5916574,610.317523,595.63543,607.1232303,700.7222587,696.969697,693.1670564,678.0522517,682.911846,674.998735,686.1610472,675.272083,674.1118803,679.6932719,672.2434993,653.4731067,647.9659988,706.9405616,697,707
Ireland,1461.85,1461.85,1461.85,1461.85,1461.85,1461.85,1461.85,1461.85,1461.85,1461.85,1461.85,1461.85,1292.85,1292.85,1292.85,1292.85,1292.85,1292.85,1461.85,1461.85,1461.85,1461.85,1461.85,1461.85,1461.85,1461.85,1461.85,1461.85,1461.85,1461.85,1461.85,1461.85,1461.85,1461.85,1461.85,1461.85,1461.85,1461.85,1461.85,1461.85,1461.85,1461.85,1461.85,1461.85,1461.85,1461.85,1461.85,1461.85,1461.85,1461.85,1461.85,1461.85,1461.85,1461.85,1461.85,1461.85,1461.85,1461.85,1461.85,1461.85,1461.85,1461.85,1461.85,1461.85,1461.85,1461.85,1461.85,1461.85,1461.85,1461.85,1461.85,1461.85,1546.35,1546.35,1546.35,1546.35,1546.35,1546.35,1546.35,1546.35,1546.35,1546.35,1546.35,1546.35,1563.25,1563.25,1563.25,1563.25,1563.25,1563.25,1563.25,1563.25,1563.25,1563.25,1563.25,1563.25,1613.95,1613.95,1613.95,1613.95,1613.95,1613.95,1613.95,1613.95,1613.95,1613.95,1613.95,1613.95,1656.2,1656.2,1656.2,1656.2,1656.2,1656.2,1656.2,1656.2,1656.2,1656.2,1656.2,1656.2,1656.2,1706.9,1706.9,1706.9,1706.9,1706.9,1706.9,1706.9,1706.9,1706.9,1706.9,1706.9,1723.8,1723.8,1723.8,1723.8,1723.8,1723.8,1723.8,1723.8,1723.8,1723.8,1723.8,1723.8,1774.5,1774.5,1774.5,1774.5,1774.5,1774.5,1774.5,1774.5,1774.5,1774.5,1774.5,1774.5,1909.7,1909.7,1909.7,1909.7,1909.7,1909.7,1909.7,1909.7,1909.7,1909.7,1909.7,1909.7,2146.3,2146.3,2146.3,2146.3,2146.3,2146.3,2146.3,2146.3,2146.3,2146.3,2146.3,2146.3,2281.5,2146,2282
Latvia,253.7713238,253.9861719,253.8071066,254.0578687,254.4529262,253.8787024,253.7713238,253.9503386,253.7713238,253.7355512,253.6282936,253.7713238,281.9283902,284.4950213,283.8892832,281.888654,281.9681376,281.888654,281.9681376,281.9283902,281.9681376,281.9681376,283.8892832,286.5740077,285.9185132,286.0821056,286.3278454,285.5918892,285.9593938,286.6561559,287.0676044,287.3150409,287.3563218,287.2737719,287.2737719,287.2737719,286.6561559,285.9185132,285.4288569,285.0220892,285.7142857,284.9814762,284.738041,284.5759818,284.5759818,284.6164793,284.4950213,284.4950213,320,320,320,320,320,320,320,320,320,320,320,320,360,360,360,360,360,360,360,360,360,360,360,360,370,370,370,370,370,370,370,370,370,370,370,370,380,380,380,380,380,380,380,380,380,380,380,380,430,430,430,430,430,430,430,430,430,430,430,430,430,430,430,430,430,430,430,430,430,430,430,430,430,430,430,430,430,430,430,430,430,430,430,430,500,500,500,500,500,500,500,500,500,500,500,500,500,500,500,500,500,500,500,500,500,500,500,500,620,620,620,620,620,620,620,620,620,620,620,620,700,700,700,700,700,700,700,700,700,700,700,700,740,700,740
Lithuania,231.6960148,231.6960148,231.6960148,231.6960148,231.6960148,231.6960148,231.6960148,231.6960148,231.6960148,231.6960148,231.6960148,231.6960148,231.6960148,231.6960148,231.6960148,231.6960148,231.6960148,231.6960148,231.6960148,231.6960148,231.6960148,231.6960148,231.6960148,231.6960148,231.6960148,231.6960148,231.6960148,231.6960148,231.6960148,231.6960148,231.6960148,246.1770158,246.1770158,246.1770158,246.1770158,246.1770158,289.6200185,289.6200185,289.6200185,289.6200185,289.6200185,289.6200185,289.6200185,289.6200185,289.6200185,289.6200185,289.6200185,289.6200185,289.6200185,289.6200185,289.6200185,289.6200185,289.6200185,289.6200185,289.6200185,289.6200185,289.6200185,299.7567192,299.7567192,299.7567192,300,300,300,300,300,300,325,325,325,325,325,325,350,350,350,350,350,350,380,380,380,380,380,380,380,380,380,380,380,380,380,380,380,380,380,380,400,400,400,400,400,400,400,400,400,400,400,400,555,555,555,555,555,555,555,555,555,555,555,555,607,607,607,607,607,607,607,607,607,607,607,607,642,642,642,642,642,642,642,642,642,642,642,642,730,730,730,730,730,730,730,730,730,730,730,730,840,840,840,840,840,840,840,840,840,840,840,840,924,924,924,924,924,924,924,924,924,924,924,924,1038,924,1038
Luxembourg,1682.76,1682.76,1682.76,1682.76,1682.76,1682.76,1724.81,1724.81,1724.81,1724.81,1724.81,1724.81,1757.56,1757.56,1757.56,1757.56,1757.56,1757.56,1757.56,1757.56,1757.56,1801.49,1801.49,1801.49,1801.49,1801.49,1801.49,1801.49,1801.49,1801.49,1801.49,1801.49,1801.49,1846.51,1846.51,1846.51,1874.19,1874.19,1874.19,1874.19,1874.19,1874.19,1874.19,1874.19,1874.19,1921.03,1921.03,1921.03,1921.03,1921.03,1921.03,1921.03,1921.03,1921.03,1921.03,1921.03,1921.03,1921.03,1921.03,1921.03,1922.96,1922.96,1922.96,1922.96,1922.96,1922.96,1922.96,1922.96,1922.96,1922.96,1922.96,1922.96,1922.96,1922.96,1922.96,1922.96,1922.96,1922.96,1922.96,1922.96,1922.96,1922.96,1922.96,1922.96,1998.59,1998.59,1998.59,1998.59,1998.59,1998.59,1998.59,1998.59,1998.59,1998.59,1998.59,1998.59,1998.59,1998.59,1998.59,1998.59,1998.59,1998.59,1998.59,2048.54,2048.54,2048.54,2048.54,2048.54,2089.75,2089.75,2089.75,2089.75,2089.75,2089.75,2089.75,2089.75,2089.75,2089.75,2089.75,2089.75,2141.99,2141.99,2141.99,2141.99,2141.99,2141.99,2141.99,2141.99,2141.99,2141.99,2141.99,2141.99,2201.93,2201.93,2201.93,2201.93,2201.93,2201.93,2201.93,2201.93,2201.93,2256.95,2256.95,2256.95,2256.95,2256.95,2256.95,2313.38,2313.38,2313.38,2313.38,2313.38,2313.38,2313.38,2313.38,2313.38,2387.4,2447.07,2447.07,2508.24,2508.24,2508.24,2508.24,2508.24,2570.93,2570.93,2570.93,2570.93,2570.93,2570.93,2570.93,2570.93,2570.93,2570.93,2570.93,2570.93,2570.93,2570.93,2570.93,2570.93,2637.79,2571,2638
Malta,659.9233333,659.9233333,659.9233333,659.9233333,659.9233333,659.9233333,659.9233333,659.9233333,659.9233333,659.9233333,659.9233333,659.9233333,664.95,664.95,664.95,664.95,664.95,664.95,664.95,664.95,664.95,664.95,664.95,664.95,685.1433333,685.1433333,685.1433333,685.1433333,685.1433333,685.1433333,685.1433333,685.1433333,685.1433333,685.1433333,685.1433333,685.1433333,702.8233333,702.8233333,702.8233333,702.8233333,702.8233333,702.8233333,702.8233333,702.8233333,702.8233333,702.8233333,702.8233333,702.8233333,717.9466667,717.9466667,717.9466667,717.9466667,717.9466667,717.9466667,717.9466667,717.9466667,717.9466667,717.9466667,717.9466667,717.9466667,720.46,720.46,720.46,720.46,720.46,720.46,720.46,720.46,720.46,720.46,720.46,720.46,728.0433333,728.0433333,728.0433333,728.0433333,728.0433333,728.0433333,728.0433333,728.0433333,728.0433333,728.0433333,728.0433333,728.0433333,735.6266667,735.6266667,735.6266667,735.6266667,735.6266667,735.6266667,735.6266667,735.6266667,735.6266667,735.6266667,735.6266667,735.6266667,747.5433333,747.5433333,747.5433333,747.5433333,747.5433333,747.5433333,747.5433333,747.5433333,747.5433333,747.5433333,747.5433333,747.5433333,761.9733333,761.9733333,761.9733333,761.9733333,761.9733333,761.9733333,761.9733333,761.9733333,761.9733333,761.9733333,761.9733333,761.9733333,777.0966667,777.0966667,777.0966667,777.0966667,777.0966667,777.0966667,777.0966667,777.0966667,777.0966667,777.0966667,777.0966667,777.0966667,784.68,784.68,784.68,784.68,784.68,784.68,784.68,784.68,784.68,784.68,784.68,784.68,792.2633333,792.2633333,792.2633333,792.2633333,792.2633333,792.2633333,792.2633333,792.2633333,792.2633333,792.2633333,792.2633333,792.2633333,835.1633333,835.1633333,835.1633333,835.1633333,835.1633333,835.1633333,835.1633333,835.1633333,835.1633333,835.1633333,835.1633333,835.1633333,925.34,925.34,925.34,925.34,925.34,925.34,925.34,925.34,925.34,925.34,925.34,925.34,961.0466667,925,961
Netherlands,1407.6,1407.6,1407.6,1407.6,1407.6,1407.6,1416,1416,1416,1416,1416,1416,1424.4,1424.4,1424.4,1424.4,1424.4,1424.4,1435.2,1435.2,1435.2,1435.2,1435.2,1435.2,1446.6,1446.6,1446.6,1446.6,1446.6,1446.6,1456.2,1456.2,1456.2,1456.2,1456.2,1456.2,1469.4,1469.4,1469.4,1469.4,1469.4,1469.4,1477.8,1477.8,1477.8,1477.8,1477.8,1477.8,1485.6,1485.6,1485.6,1485.6,1485.6,1485.6,1495.2,1495.2,1495.2,1495.2,1495.2,1495.2,1501.8,1501.8,1501.8,1501.8,1501.8,1501.8,1507.8,1507.8,1507.8,1507.8,1507.8,1507.8,1524.6,1524.6,1524.6,1524.6,1524.6,1524.6,1537.2,1537.2,1537.2,1537.2,1537.2,1537.2,1551.6,1551.6,1551.6,1551.6,1551.6,1551.6,1565.4,1565.4,1565.4,1565.4,1565.4,1565.4,1578,1578,1578,1578,1578,1578,1594.2,1594.2,1594.2,1594.2,1594.2,1594.2,1615.8,1615.8,1615.8,1615.8,1615.8,1615.8,1635.6,1635.6,1635.6,1635.6,1635.6,1635.6,1653.6,1653.6,1653.6,1653.6,1653.6,1653.6,1680,1680,1680,1680,1680,1680,1684.8,1684.8,1684.8,1684.8,1684.8,1684.8,1701,1701,1701,1701,1701,1701,1725,1725,1725,1725,1725,1725,1756.2,1756.2,1756.2,1756.2,1756.2,1756.2,1934.4,1934.4,1934.4,1934.4,1934.4,1934.4,1995,1995,1995,1995,1995,1995,2070.12,2070.12,2070.12,2070.12,2070.12,2070.12,2134.08,2134.08,2134.08,2134.08,2134.08,2134.08,2193.36,2070,2193
Poland,320.8673407,325.4825396,331.7547484,340.5476689,336.2868013,322.8653379,317.5789728,328.5518274,328.142519,330.5142169,330.7383225,323.6508405,348.6792453,352.1162543,350.4602003,345.5842019,352.169936,350.3716062,347.3423051,345.7566233,334.1288783,314.6424518,319.0093677,307.4534161,336.473755,355.088417,363.9716587,361.2542748,359.6346112,341.56894,353.0408586,365.408039,359.1524003,365.5148886,362.4063784,365.3902368,392.7344134,381.4519013,385.4028664,382.7384939,385.5050116,373.9016639,368.8675765,377.6256785,375.2961321,378.3579266,382.930857,380.4089396,404.40026,395.4057616,403.1097034,402.6942161,399.7715591,405.6893096,404.1570439,402.9646686,398.3780323,402.1447721,398.32136,401.5392337,409.5291585,415.9239453,421.4430209,428.3546287,434.7826087,423.7493341,417.5514781,422.3482563,413.8191965,412.2691293,410.3742613,409.6346059,433.8750909,416.6854363,424.8673725,434.5170988,420.7892642,421.7485467,417.0235787,424.0201696,424.9649691,428.3200593,427.4689219,415.8892161,453.48389,462.5453873,463.5209048,473.2047794,473.6642668,479.4783276,473.2719657,470.6657567,469.6820253,464.6624227,471.2535344,476.7012275,502.7531721,505.987519,502.6208085,498.741272,496.8767746,487.7142459,480.197567,490.9983633,489.3621979,490.9524477,483.960177,489.5104895,523.085507,526.4882067,522.1750331,523.1828117,524.8670337,525.1733072,529.4615964,524.3288591,513.5579293,513.909826,528.4046875,521.0142411,610.787446,604.5246344,601.0309993,571.3532281,573.4956767,584.3353186,583.4829443,590.4528319,591.2988106,571.9062074,562.5027043,581.5253858,614.0754874,618.0469716,619.6609569,602.0469597,613.5641503,624.2197253,619.4553218,613.5507056,618.1561286,606.0999632,605.863897,600.3559253,654.789097,655.8877364,642.6817551,646.8805742,643.4373664,657.1335007,641.7363125,635.3562005,636.5924328,620.8361694,639.2694064,645.4379758,745.5990429,741.1339987,740.5835544,747.3233405,761.7592492,769.26468,811.0300081,816.8822328,805.8558861,777.8233909,810.7195136,827.7765003,977.5319737,978.9983845,981.7626365,982.4447635,983.6977947,994.7238832,997.9113483,1002.144122,1005.542174,1004.95466,988.3239864,1000.931099,1091.461988,978,1091
Portugal,565.8333333,565.8333333,565.8333333,565.8333333,565.8333333,565.8333333,565.8333333,565.8333333,565.8333333,565.8333333,565.8333333,565.8333333,565.8333333,565.8333333,565.8333333,565.8333333,565.8333333,565.8333333,565.8333333,565.8333333,565.8333333,565.8333333,565.8333333,565.8333333,565.8333333,565.8333333,565.8333333,565.8333333,565.8333333,565.8333333,565.8333333,565.8333333,565.8333333,565.8333333,565.8333333,565.8333333,565.8333333,565.8333333,565.8333333,565.8333333,565.8333333,565.8333333,565.8333333,565.8333333,565.8333333,565.8333333,565.8333333,565.8333333,565.8333333,565.8333333,565.8333333,565.8333333,565.8333333,565.8333333,565.8333333,565.8333333,565.8333333,589.1666667,589.1666667,589.1666667,589.1666667,589.1666667,589.1666667,589.1666667,589.1666667,589.1666667,589.1666667,589.1666667,589.1666667,589.1666667,589.1666667,589.1666667,618.3333333,618.3333333,618.3333333,618.3333333,618.3333333,618.3333333,618.3333333,618.3333333,618.3333333,618.3333333,618.3333333,618.3333333,649.8333333,649.8333333,649.8333333,649.8333333,649.8333333,649.8333333,649.8333333,649.8333333,649.8333333,649.8333333,649.8333333,649.8333333,676.6666667,676.6666667,676.6666667,676.6666667,676.6666667,676.6666667,676.6666667,676.6666667,676.6666667,676.6666667,676.6666667,676.6666667,700,700,700,700,700,700,700,700,700,700,700,700,740.8333333,740.8333333,740.8333333,740.8333333,740.8333333,740.8333333,740.8333333,740.8333333,740.8333333,740.8333333,740.8333333,740.8333333,775.8333333,775.8333333,775.8333333,775.8333333,775.8333333,775.8333333,775.8333333,775.8333333,775.8333333,775.8333333,775.8333333,775.8333333,822.5,822.5,822.5,822.5,822.5,822.5,822.5,822.5,822.5,822.5,822.5,822.5,886.6666667,886.6666667,886.6666667,886.6666667,886.6666667,886.6666667,886.6666667,886.6666667,886.6666667,886.6666667,886.6666667,886.6666667,956.6666667,956.6666667,956.6666667,956.6666667,956.6666667,956.6666667,956.6666667,956.6666667,956.6666667,956.6666667,956.6666667,956.6666667,1015,957,1015
Romania,141.6330288,146.1454147,145.8257382,146.4486209,145.2784504,143.3520487,137.2997712,141.1499012,140.9509491,140.4560139,140.637086,139.7786838,157.203191,157.3139235,159.3076063,162.5385119,164.2962236,162.3062016,157.8885354,157.9518129,158.3138395,153.7578887,154.563071,153.8991616,161.9133532,161.2234557,160.9713471,159.7444089,158.7481574,156.4980214,157.2574304,152.8384279,156.8346291,154.2427781,154.117129,155.0456277,157.4980313,171.0649362,172.0657062,169.7101351,173.3542899,171.0649362,179.3601327,181.549983,180.5054152,179.2917974,180.342651,180.2410724,190.1140684,189.1284516,188.8133635,190.6171511,191.0627585,193.0501931,205.338809,203.2474425,204.2437309,204.0723777,203.7905034,203.2612132,217.4979923,219.4957226,219.5303177,221.0984625,220.6731096,219.4710186,234.7680268,238.3763167,236.9828695,237.6856212,236.7531003,235.9391502,232.0954907,231.5223143,234.6001743,234.8047766,279.2048247,277.1127073,276.3408056,279.9238607,280.4262479,280.6655141,277.4079006,277.5310835,275.3910553,322.0075505,320.7822663,318.5063152,319.7494928,317.5993867,318.5203084,318.0522044,315.7390471,315.2653665,315.1831323,311.9956966,407.8566062,408.2071114,407.4630066,408.0317835,407.6028661,408.5318655,407.4542686,410.7664036,409.1564916,407.3931129,407.3494415,407.7428216,446.0169401,440.0160775,438.5040266,436.9013611,437.0115136,438.5410078,439.3468939,439.3932993,439.8951019,437.9316153,437.3423045,434.9371641,466.2345808,466.6345812,463.3284854,461.8602821,460.448886,459.860186,460.7723619,461.5543827,460.7628414,457.6706003,457.6706003,457.6048592,472.4441797,471.7948718,471.7948718,467.2612397,466.67343,467.5271877,466.7207792,467.4511717,465.9737839,464.8812532,464.7121815,464.5526156,515.2556072,515.4118242,515.3180826,515.5368659,515.370157,516.1107513,515.5264435,516.7906289,524.7453442,515.2556072,518.8938404,517.8190679,606.1218305,609.6321886,609.7560976,606.1830673,608.5069268,603.682463,604.4122091,607.915054,607.0416835,663.5166382,664.532109,663.7435134,663.2365946,663.2099361,663.9037541,663.1966076,663.5166382,663.0899994,743.3749221,743.7335424,743.4496062,743.6737483,743.7335424,743.3599871,814.1849104,663,814
Slovenia,647.2158333,647.2158333,795.3291667,795.3291667,795.3291667,795.3291667,795.3291667,795.3291667,795.3291667,795.3291667,795.3291667,795.3291667,810.4416667,810.4416667,810.4416667,810.4416667,810.4416667,810.4416667,810.4416667,810.4416667,810.4416667,810.4416667,810.4416667,810.4416667,826.6483333,826.6483333,826.6483333,826.6483333,826.6483333,826.6483333,826.6483333,826.6483333,826.6483333,826.6483333,826.6483333,826.6483333,848.965,848.965,848.965,848.965,848.965,848.965,848.965,848.965,848.965,848.965,848.965,848.965,854.9125,854.9125,854.9125,854.9125,854.9125,854.9125,854.9125,854.9125,854.9125,854.9125,854.9125,854.9125,856.6241667,856.6241667,856.6241667,856.6241667,856.6241667,856.6241667,856.6241667,856.6241667,856.6241667,856.6241667,856.6241667,856.6241667,856.6241667,856.6241667,856.6241667,856.6241667,856.6241667,856.6241667,856.6241667,856.6241667,856.6241667,856.6241667,856.6241667,856.6241667,872.04,872.04,872.04,872.04,872.04,872.04,872.04,872.04,872.04,872.04,872.04,872.04,913.0225,913.0225,913.0225,913.0225,913.0225,913.0225,913.0225,913.0225,913.0225,913.0225,913.0225,913.0225,960.5158333,960.5158333,960.5158333,960.5158333,960.5158333,960.5158333,960.5158333,960.5158333,960.5158333,960.5158333,960.5158333,960.5158333,1018.961667,1018.961667,1018.961667,1018.961667,1018.961667,1018.961667,1018.961667,1018.961667,1018.961667,1018.961667,1018.961667,1018.961667,1109.593333,1109.593333,1109.593333,1109.593333,1109.593333,1109.593333,1109.593333,1109.593333,1109.593333,1109.593333,1109.593333,1109.593333,1163.965833,1163.965833,1163.965833,1163.965833,1163.965833,1163.965833,1163.965833,1163.965833,1163.965833,1163.965833,1163.965833,1163.965833,1303.64,1303.64,1303.64,1303.64,1303.64,1303.64,1303.64,1303.64,1303.64,1303.64,1303.64,1303.64,1358.391667,1358.391667,1358.391667,1358.391667,1358.391667,1358.391667,1358.391667,1358.391667,1358.391667,1358.391667,1358.391667,1358.391667,,1358,1384
Slovakia,307.7,307.7,307.7,307.7,307.7,307.7,307.7,307.7,307.7,307.7,307.7,307.7,317,317,317,317,317,317,317,317,317,317,317,317,327,327,327,327,327,327,327,327,327,327,327,327,337.7,337.7,337.7,337.7,337.7,337.7,337.7,337.7,337.7,337.7,337.7,337.7,352,352,352,352,352,352,352,352,352,352,352,352,380,380,380,380,380,380,380,380,380,380,380,380,405,405,405,405,405,405,405,405,405,405,405,405,435,435,435,435,435,435,435,435,435,435,435,435,480,480,480,480,480,480,480,480,480,480,480,480,520,520,520,520,520,520,520,520,520,520,520,520,580,580,580,580,580,580,580,580,580,580,580,580,623,623,623,623,623,623,623,623,623,623,623,623,646,646,646,646,646,646,646,646,646,646,646,646,700,700,700,700,700,700,700,700,700,700,700,700,750,750,750,750,750,750,750,750,750,750,750,750,816,750,816
